<?xml version="1.0" ?>
<Battles>
	<battle battle_id="6">
		<player_name>Willyrex</player_name>
		<player_id>10</player_id>
		<warrior_id>7</warrior_id>
		<warrior_weapon_id>9</warrior_weapon_id>
		<opponent_id>4</opponent_id>
		<opponent_weapon_id>6</opponent_weapon_id>
		<injuries_caused>40</injuries_caused>
		<injuries_suffered>44</injuries_suffered>
		<battle_points>34</battle_points>
	</battle>
	<battle battle_id="7">
		<player_name>Camille</player_name>
		<player_id>11</player_id>
		<warrior_id>9</warrior_id>
		<warrior_weapon_id>4</warrior_weapon_id>
		<opponent_id>1</opponent_id>
		<opponent_weapon_id>6</opponent_weapon_id>
		<injuries_caused>42</injuries_caused>
		<injuries_suffered>21</injuries_suffered>
		<battle_points>34</battle_points>
	</battle>
	<battle battle_id="5">
		<player_name>Willyrex</player_name>
		<player_id>10</player_id>
		<warrior_id>7</warrior_id>
		<warrior_weapon_id>9</warrior_weapon_id>
		<opponent_id>12</opponent_id>
		<opponent_weapon_id>8</opponent_weapon_id>
		<injuries_caused>54</injuries_caused>
		<injuries_suffered>30</injuries_suffered>
		<battle_points>32</battle_points>
	</battle>
	<battle battle_id="2">
		<player_name>Alexei</player_name>
		<player_id>8</player_id>
		<warrior_id>11</warrior_id>
		<warrior_weapon_id>3</warrior_weapon_id>
		<opponent_id>5</opponent_id>
		<opponent_weapon_id>3</opponent_weapon_id>
		<injuries_caused>60</injuries_caused>
		<injuries_suffered>42</injuries_suffered>
		<battle_points>31</battle_points>
	</battle>
	<battle battle_id="3">
		<player_name>Anna</player_name>
		<player_id>9</player_id>
		<warrior_id>12</warrior_id>
		<warrior_weapon_id>5</warrior_weapon_id>
		<opponent_id>4</opponent_id>
		<opponent_weapon_id>8</opponent_weapon_id>
		<injuries_caused>42</injuries_caused>
		<injuries_suffered>26</injuries_suffered>
		<battle_points>31</battle_points>
	</battle>
	<battle battle_id="1">
		<player_name>Alexei</player_name>
		<player_id>8</player_id>
		<warrior_id>11</warrior_id>
		<warrior_weapon_id>3</warrior_weapon_id>
		<opponent_id>10</opponent_id>
		<opponent_weapon_id>3</opponent_weapon_id>
		<injuries_caused>56</injuries_caused>
		<injuries_suffered>28</injuries_suffered>
		<battle_points>30</battle_points>
	</battle>
	<battle battle_id="4">
		<player_name>Anna</player_name>
		<player_id>9</player_id>
		<warrior_id>12</warrior_id>
		<warrior_weapon_id>5</warrior_weapon_id>
		<opponent_id>2</opponent_id>
		<opponent_weapon_id>6</opponent_weapon_id>
		<injuries_caused>36</injuries_caused>
		<injuries_suffered>51</injuries_suffered>
		<battle_points>0</battle_points>
	</battle>
	<battle battle_id="8">
		<player_name>Xavi</player_name>
		<player_id>12</player_id>
		<warrior_id>1</warrior_id>
		<warrior_weapon_id>8</warrior_weapon_id>
		<opponent_id>9</opponent_id>
		<opponent_weapon_id>5</opponent_weapon_id>
		<injuries_caused>10</injuries_caused>
		<injuries_suffered>42</injuries_suffered>
		<battle_points>0</battle_points>
	</battle>
	<battle battle_id="9">
		<player_name>Felipe</player_name>
		<player_id>13</player_id>
		<warrior_id>3</warrior_id>
		<warrior_weapon_id>6</warrior_weapon_id>
		<opponent_id>10</opponent_id>
		<opponent_weapon_id>4</opponent_weapon_id>
		<injuries_caused>15</injuries_caused>
		<injuries_suffered>42</injuries_suffered>
		<battle_points>0</battle_points>
	</battle>
	<battle battle_id="10">
		<player_name>Sokar</player_name>
		<player_id>14</player_id>
		<warrior_id>3</warrior_id>
		<warrior_weapon_id>6</warrior_weapon_id>
		<opponent_id>9</opponent_id>
		<opponent_weapon_id>3</opponent_weapon_id>
		<injuries_caused>12</injuries_caused>
		<injuries_suffered>40</injuries_suffered>
		<battle_points>0</battle_points>
	</battle>
</Battles>
